{"cameraMode":{"drawMode":0,"name":"Shaded","section":"Shading Mode"},"sceneLighting":false,"audioPlay":false,"sceneViewState":{"m_AlwaysRefresh":false,"showFog":true,"showSkybox":false,"showFlares":true,"showImageEffects":true,"showParticleSystems":true,"showVisualEffectGraphs":true,"m_FxEnabled":true},"in2DMode":false,"pivot":{"x":-2.7992210388183595,"y":10.384625434875489,"z":-126.37881469726563},"rotation":{"x":0.13618667423725129,"y":-0.7440705895423889,"z":0.1597604751586914,"w":0.6342735886573792},"size":19.641115188598634,"orthographic":false}