{"cameraMode":{"drawMode":0,"name":"Shaded","section":"Shading Mode"},"sceneLighting":false,"audioPlay":false,"sceneViewState":{"m_AlwaysRefresh":false,"showFog":true,"showSkybox":false,"showFlares":true,"showImageEffects":true,"showParticleSystems":true,"showVisualEffectGraphs":true,"m_FxEnabled":true},"in2DMode":false,"pivot":{"x":11.813061714172364,"y":21.09552764892578,"z":-21.48305892944336},"rotation":{"x":0.25444450974464419,"y":0.03014763630926609,"z":-0.007958631962537766,"w":0.966598391532898},"size":26.376249313354493,"orthographic":false}