{"cameraMode":{"drawMode":0,"name":"Shaded","section":"Shading Mode"},"sceneLighting":true,"audioPlay":false,"sceneViewState":{"m_AlwaysRefresh":false,"showFog":true,"showSkybox":false,"showFlares":true,"showImageEffects":true,"showParticleSystems":true,"showVisualEffectGraphs":true,"m_FxEnabled":true},"in2DMode":false,"pivot":{"x":0.7361245155334473,"y":0.8436102867126465,"z":-175.11541748046876},"rotation":{"x":0.26690682768821719,"y":0.4151526391506195,"z":-0.12886111438274384,"w":0.8601453900337219},"size":3.383370876312256,"orthographic":false}