{"cameraMode":{"drawMode":0,"name":"Shaded","section":"Shading Mode"},"sceneLighting":true,"audioPlay":false,"sceneViewState":{"m_AlwaysRefresh":false,"showFog":true,"showSkybox":false,"showFlares":true,"showImageEffects":true,"showParticleSystems":true,"showVisualEffectGraphs":true,"m_FxEnabled":true},"in2DMode":false,"pivot":{"x":0.7183626890182495,"y":0.8178926706314087,"z":-0.35115689039230349},"rotation":{"x":-0.2855563759803772,"y":0.27685242891311648,"z":-0.08655160665512085,"w":-0.9134113192558289},"size":0.24134880304336549,"orthographic":false}